{"LatentReplay": {"0": [99.0552668871044, 99.33868682097308, 96.92961738308928, 94.14265470004723, 94.80396787907416], "1": [0.0, 96.71875, 93.38541666666667, 86.51041666666667, 83.69791666666667], "2": [0.0, 0.0, 93.51163942545814, 91.67904903417534, 89.94551758296186], "3": [0.0, 0.0, 0.0, 96.26407369498465, 89.55987717502559], "4": [0.0, 0.0, 0.0, 0.0, 97.1859296482412]}}